"","Park","PropInv"
"1","Angrignon",0.0841584158415842
"2","Bois-de-Liesse",0.329411764705882
"3","Bois-de-Saraguay",0.051063829787234
"4","Boisé-de-Saint-Sulpice",0.0384615384615385
"5","Cap-Saint-Jacques",0.524296675191816
"6","Coulée-Grou",0.147169811320755
"7","Île-Bizard",0.252173913043478
"8","Jean-Drapeau",0.031496062992126
"9","L'Anse-à-l'Orme",0.130681818181818
"10","Pointe-aux-Prairies",0.0241545893719807
"11","Thomas-Chapais",0.0129032258064516
